{
  "rouge1": 0.16101995458057142,
  "rouge2": 0.013142475196037593,
  "rougeL": 0.12371288832448964,
  "bertscore_precision": 0.8619791269302368,
  "bertscore_recall": 0.8541184663772583,
  "bertscore_f1": 0.857907235622406,
  "n_samples": 2000
}