{
  "rouge1": 0.15419971364720722,
  "rouge2": 0.0180910334464286,
  "rougeL": 0.12473622440597873,
  "bertscore_precision": 0.8784869313240051,
  "bertscore_recall": 0.8546848297119141,
  "bertscore_f1": 0.8663039803504944,
  "n_samples": 2000
}